venta_id,usuario_id,transaction
"22","2","GUAYABERA"
"24","2","VESTIDO"
"25","2","VESTIDO"
"26","2","VESTIDO"
"27","2","VESTIDO"
"28","2","VESTIDO"
"29","2","VESTIDO"
"2347","31","CONJUNTO, CONJUNTO VESTIDO, CHAMARRA"
"2348","31","VESTIDO, VESTIDO"
"2349","31","VESTIDO, VESTIDO, VESTIDO"
"2350","32","CONJUNTO, CONJUNTO, CONJUNTO, CAMISA"
"2351","32","CONJUNTO, CONJUNTO, CONJUNTO CAMISA"
"2352","32","CONJUNTO, CONJUNTO GUAYABERA"
"2353","32","CAMISA, CONJUNTO, CHAMARRA"
"2354","33","CONJUNTO, CONJUNTO, CHAMARRA"
"2355","33","CONJUNTO, CAMISA, CONJUNTO, CONJUNTO"
"2356","33","PANTALON, CONJUNTO, SUDADERA"
"2357","33","PANTALON, CAMISA, CONJUNTO, CONJUNTO"
"2358","34","CAMISA, CAMISA"
"2359","34","SUDADERA, CHAMARRA, SACO"
"2360","34","CONJUNTO, CONJUNTO, CONJUNTO"
"2361","34","SACO, CAMISA, CONJUNTO, CONJUNTO"
"2362","35","CONJUNTO, CONJUNTO GUAYABERA"
"2363","35","CAMISA, SACO, CONJUNTO, PLAYERA"
"2364","35","SACO, VESTIDO, SHORT"
"2365","36","CONJUNTO, CONJUNTO VESTIDO"
"2366","36","VESTIDO, VESTIDO, CONJUNTO"
"2367","36","SUDADERA, CONJUNTO, CONJUNTO"
"2368","37","CONJUNTO, CONJUNTO, PLAYERA"
"2369","37","CAMISA, CONJUNTO, VESTIDO"
"2370","37","CONJUNTO, CONJUNTO, CONJUNTO"
"2371","37","CONJUNTO, CONJUNTO, CAMISA"
"2372","38","CONJUNTO, CAMISA, CONJUNTO"
"2373","38","CHAMARRA, CONJUNTO, CONJUNTO"
"2374","38","SUDADERA, CONJUNTO, CAMISA"
"2375","38","CONJUNTO, CONJUNTO"
"2376","39","CONJUNTO, CONJUNTO, GUAYABERA LARGA"
"2377","39","PLAYERA, CONJUNTO, CAMISA"
"2378","39","CAMISA, CONJUNTO"
"2379","39","CHAMARRA, PLAYERA, CHAMARRA"
"2380","40","CONJUNTO, PLAYERA, SUDADERA"
"2381","40","SHORT, PLAYERA, SACO"
"2382","40","CHAMARRA, CONJUNTO, CONJUNTO"
"2383","40","CONJUNTO, CHAMARRA, SHORT"
"2384","41","CONJUNTO GUAYABERA, CONJUNTO"
"2385","41","CONJUNTO, PLAYERA, CONJUNTO"
"2386","41","CONJUNTO GUAYABERA, CONJUNTO, SUDADERA"
"2387","42","CONJUNTO, CONJUNTO, CAMISA"
"2388","42","CAMISA, CAMISA, CONJUNTO"
"2389","42","CONJUNTO, PLAYERA, CONJUNTO GUAYABERA"
"2390","43","CONJUNTO, CONJUNTO, CONJUNTO, CAMISA"
"2391","43","CONJUNTO, CONJUNTO, CONJUNTO, CAMISA"
"2392","43","CHAMARRA, CONJUNTO, SUDADERA"
"2393","43","CHAMARRA, PLAYERA, CONJUNTO VESTIDO"
"2394","44","SHORT, CONJUNTO"
"2395","44","CAMISA, VESTIDO, CONJUNTO"
"2396","44","CONJUNTO, PLAYERA, CONJUNTO"
"2397","44","CHAMARRA, CONJUNTO, CONJUNTO"
"2398","45","CONJUNTO, PANTALON"
"2399","45","SUDADERA, CONJUNTO, CHAMARRA"
"2400","45","CONJUNTO, CONJUNTO, VESTIDO"
"2401","45","VESTIDO, VESTIDO"
"2402","46","PLAYERA, CONJUNTO CAMISA, CONJUNTO"
"2403","46","GUAYABERA LARGA, PLAYERA, CONJUNTO"
"2404","46","CONJUNTO, CONJUNTO, CAMISA"
"2405","47","VESTIDO, CONJUNTO"
"2406","47","CONJUNTO VESTIDO, VESTIDO"
"2407","47","CONJUNTO VESTIDO, CONJUNTO VESTIDO"
"2408","47","VESTIDO, CONJUNTO GUAYABERA, CONJUNTO"
"2409","48","CAMISA, VESTIDO, CONJUNTO"
"2410","48","CONJUNTO, PANTALON, CONJUNTO VESTIDO"
"2411","48","CONJUNTO, SUDADERA, GUAYABERA, CAMISA"
"2412","49","SUDADERA, CAMISA, CONJUNTO, CONJUNTO"
"2413","49","CONJUNTO, CONJUNTO"
"2414","49","CONJUNTO, SACO, PLAYERA"
"2415","50","CAMISA, CAMISA"
"2416","50","CAMISA, SACO, CONJUNTO"
"2417","50","CONJUNTO, CAMISA, CAMISA, PLAYERA"
"2418","50","SHORT, PLAYERA, SHORT"
"2419","51","CONJUNTO CAMISA, CONJUNTO, CAMISA"
"2420","51","CONJUNTO, CONJUNTO, CAMISA"
"2421","51","CONJUNTO, CAMISA, CONJUNTO"
"2422","52","CONJUNTO, VESTIDO, CONJUNTO VESTIDO"
"2423","52","CHAMARRA, CHAMARRA"
"2424","52","CONJUNTO VESTIDO, CONJUNTO VESTIDO, CONJUNTO"
"2425","53","CHAMARRA, PANTALON"
"2426","53","SUDADERA, VESTIDO, CHAMARRA"
"2427","53","CONJUNTO, CONJUNTO"
"2428","54","CONJUNTO, CONJUNTO, PANTALON"
"2429","54","GUAYABERA, CONJUNTO, CONJUNTO"
"2430","54","CONJUNTO VESTIDO, CONJUNTO, GUAYABERA"
"2431","54","SUDADERA, CONJUNTO, PANTALON, GUAYABERA"
"2432","55","CONJUNTO, CONJUNTO, CAMISA"
"2433","55","PLAYERA, CONJUNTO"
"2434","55","SHORT, CONJUNTO, PLAYERA"
"2435","56","SUDADERA, CONJUNTO GUAYABERA"
"2436","56","PLAYERA, CONJUNTO, CONJUNTO VESTIDO"
"2437","56","CAMISA, CAMISA, CONJUNTO, CONJUNTO"
"2438","57","CONJUNTO, CONJUNTO"
"2439","57","VESTIDO, CONJUNTO"
"2440","57","CONJUNTO, VESTIDO, CONJUNTO"
"2441","58","VESTIDO, PANTALON, CONJUNTO VESTIDO"
"2442","58","PLAYERA, CHAMARRA, CONJUNTO"
"2443","58","SHORT, PLAYERA"
"2444","58","PLAYERA, PANTALON, CONJUNTO, SHORT"
"2445","59","CONJUNTO VESTIDO, CONJUNTO VESTIDO, CONJUNTO GUAYABERA"
"2446","59","VESTIDO, CHAMARRA"
"2447","59","CONJUNTO, VESTIDO"
"2448","59","PANTALON, VESTIDO, VESTIDO"
"2449","60","CAMISA, CONJUNTO, CONJUNTO, CONJUNTO GUAYABERA"
"2450","60","CONJUNTO, CONJUNTO, PLAYERA"
"2451","60","CONJUNTO CAMISA, CONJUNTO, CONJUNTO"
"2452","61","CONJUNTO, CONJUNTO, CONJUNTO, CAMISA"
"2453","61","SUDADERA, CAMISA"
"2454","61","GUAYABERA, CONJUNTO, CAMISA"
"2455","61","CONJUNTO VESTIDO, VESTIDO"
"2456","62","PLAYERA, CAMISA, CONJUNTO"
"2457","62","CAMISA, PLAYERA"
"2458","62","PLAYERA, SUDADERA, CONJUNTO"
"2459","63","CONJUNTO, CONJUNTO, CONJUNTO"
"2460","63","SACO, SHORT, PLAYERA"
"2461","63","CONJUNTO GUAYABERA, CHAMARRA"
"2462","64","PANTALON, CONJUNTO, GUAYABERA, CONJUNTO"
"2463","64","CAMISA, VESTIDO, CONJUNTO"
"2464","64","CONJUNTO, CONJUNTO, CAMISA, PLAYERA"
"2465","65","CONJUNTO, PANTALON, CONJUNTO"
"2466","65","CONJUNTO, CONJUNTO"
"2467","65","VESTIDO, CONJUNTO"
"2468","66","CONJUNTO, CONJUNTO VESTIDO, CONJUNTO"
"2469","66","CONJUNTO, VESTIDO, CONJUNTO"
"2470","66","CONJUNTO, CONJUNTO GUAYABERA, CONJUNTO"
"2471","66","CONJUNTO VESTIDO, CONJUNTO, SUDADERA"
"2472","67","SUDADERA, PLAYERA, CONJUNTO"
"2473","67","SUDADERA, PLAYERA"
"2474","67","CONJUNTO, SHORT, PLAYERA"
"2475","67","CHAMARRA, CONJUNTO, CAMISA"
"2476","68","VESTIDO, CONJUNTO, CONJUNTO"
"2477","68","CONJUNTO, VESTIDO, CONJUNTO GUAYABERA"
"2478","68","CHAMARRA, GUAYABERA"
"2479","68","CONJUNTO VESTIDO, CHAMARRA, SUDADERA"
"2480","69","PLAYERA, SUDADERA"
"2481","69","CONJUNTO GUAYABERA, CONJUNTO, CONJUNTO"
"2482","69","CONJUNTO, CONJUNTO, CAMISA"
"2483","69","CHAMARRA, CONJUNTO, PLAYERA, SHORT"
"2484","70","VESTIDO, CHAMARRA"
"2485","70","CONJUNTO, VESTIDO"
"2486","70","VESTIDO, CONJUNTO"
"2487","70","CONJUNTO, CONJUNTO VESTIDO, CONJUNTO"
"2488","71","VESTIDO, CONJUNTO"
"2489","71","VESTIDO, CONJUNTO GUAYABERA"
"2490","71","SUDADERA, CONJUNTO"
"2491","72","CAMISA, CONJUNTO, CONJUNTO"
"2492","72","CONJUNTO, CONJUNTO"
"2493","72","PLAYERA, SHORT, VESTIDO"
"2494","72","CONJUNTO, VESTIDO, CONJUNTO"
"2495","73","CONJUNTO GUAYABERA, CHAMARRA"
"2496","73","CONJUNTO, CAMISA"
"2497","73","PLAYERA, CONJUNTO GUAYABERA, PLAYERA"
"2498","73","CONJUNTO, SACO, CONJUNTO"
"2499","74","CONJUNTO CAMISA, CONJUNTO"
"2500","74","SHORT, CONJUNTO, SUDADERA"
"2501","74","SUDADERA, CONJUNTO, CONJUNTO"
"2502","75","SACO, SUDADERA"
"2503","75","CONJUNTO, PLAYERA, CAMISA"
"2504","75","CONJUNTO, CAMISA, SACO, CONJUNTO"
"2505","76","CONJUNTO, CAMISA, VESTIDO"
"2506","76","CAMISA, CONJUNTO, CONJUNTO"
"2507","76","CHAMARRA, CAMISA, CONJUNTO"
"2508","76","CONJUNTO, CAMISA, CONJUNTO"
"2509","77","CONJUNTO, CONJUNTO VESTIDO"
"2510","77","CONJUNTO VESTIDO, VESTIDO"
"2511","77","VESTIDO, CHAMARRA"
"2512","78","SACO, CHAMARRA"
"2513","78","GUAYABERA, PLAYERA"
"2514","78","CONJUNTO, CAMISA, CONJUNTO"
"2515","79","CONJUNTO, CONJUNTO, PANTALON"
"2516","79","VESTIDO, PANTALON, CONJUNTO"
"2517","79","PANTALON, CHAMARRA"
"2518","80","CAMISA, GUAYABERA LARGA, CONJUNTO, PLAYERA"
"2519","80","CONJUNTO, CHAMARRA, CONJUNTO GUAYABERA"
"2520","80","CONJUNTO, CHAMARRA, CONJUNTO"
"2521","80","CONJUNTO, SHORT, CAMISA, CONJUNTO"
"2522","81","SUDADERA, CONJUNTO, VESTIDO"
"2523","81","CAMISA, CONJUNTO, VESTIDO, CONJUNTO VESTIDO"
"2524","81","CONJUNTO, VESTIDO, CONJUNTO"
"2525","81","CONJUNTO, CAMISA, CONJUNTO, CONJUNTO"
"2526","82","CONJUNTO, CONJUNTO, PANTALON"
"2527","82","VESTIDO, CONJUNTO VESTIDO"
"2528","82","VESTIDO, CONJUNTO"
"2529","83","VESTIDO, CHAMARRA"
"2530","83","PANTALON, VESTIDO"
"2531","83","GUAYABERA, SUDADERA"
"2532","84","PANTALON, GUAYABERA"
"2533","84","CHAMARRA, VESTIDO, PANTALON"
"2534","84","SUDADERA, SUDADERA, GUAYABERA"
"2535","84","CONJUNTO GUAYABERA, CHAMARRA"
"2536","85","VESTIDO, VESTIDO"
"2537","85","CAMISA, SUDADERA, CONJUNTO, CONJUNTO"
"2538","85","PLAYERA, CONJUNTO, CONJUNTO"
"2539","86","CONJUNTO, CONJUNTO, CONJUNTO"
"2540","86","CONJUNTO, CONJUNTO, PANTALON"
"2541","86","CONJUNTO VESTIDO, CONJUNTO GUAYABERA"
"2542","86","VESTIDO, CONJUNTO VESTIDO, VESTIDO"
"2543","87","VESTIDO, CONJUNTO"
"2544","87","CONJUNTO, SUDADERA, CONJUNTO"
"2545","87","CHAMARRA, CONJUNTO GUAYABERA"
"2546","87","CONJUNTO, CONJUNTO, CHAMARRA"
"2547","88","CONJUNTO, CONJUNTO, CONJUNTO, CAMISA"
"2548","88","SUDADERA, SUDADERA"
"2549","88","PLAYERA, SHORT, CONJUNTO"
"2550","88","CHAMARRA, SHORT, CONJUNTO CAMISA"
"2551","89","PANTALON, CONJUNTO"
"2552","89","GUAYABERA, PANTALON"
"2553","89","CHAMARRA, GUAYABERA, CONJUNTO"
"2554","89","SUDADERA, GUAYABERA"
"2555","90","CHAMARRA, GUAYABERA LARGA"
"2556","90","CONJUNTO, SUDADERA"
"2557","90","CONJUNTO GUAYABERA, PLAYERA"
"2558","91","GUAYABERA, CONJUNTO, PANTALON"
"2559","91","CONJUNTO, VESTIDO, CHAMARRA"
"2560","91","PANTALON, VESTIDO, SUDADERA"
"2561","91","CONJUNTO VESTIDO, VESTIDO"
"2562","92","CAMISA, VESTIDO, CONJUNTO"
"2563","92","CONJUNTO VESTIDO, CAMISA, CONJUNTO"
"2564","92","CONJUNTO, CONJUNTO, CONJUNTO"
"2565","93","CONJUNTO, VESTIDO, CONJUNTO"
"2566","93","CONJUNTO, CHAMARRA, CONJUNTO"
"2567","93","CONJUNTO, VESTIDO"
"2568","94","CONJUNTO, CAMISA, CONJUNTO, PLAYERA"
"2569","94","CAMISA, CONJUNTO, PLAYERA, CONJUNTO"
"2570","94","SHORT, GUAYABERA, CONJUNTO"
"2571","95","CONJUNTO, CONJUNTO, CHAMARRA"
"2572","95","CAMISA, CONJUNTO, CONJUNTO"
"2573","95","PLAYERA, CHAMARRA, SHORT"
"2574","95","CONJUNTO, SACO, CAMISA"
"2575","96","PLAYERA, PLAYERA"
"2576","96","PLAYERA, SACO, SUDADERA"
"2577","96","PLAYERA, SHORT, CONJUNTO"
"2578","97","SHORT, CONJUNTO, CAMISA"
"2579","97","SACO, CONJUNTO, CONJUNTO GUAYABERA"
"2580","97","CONJUNTO, SHORT"
"2581","97","PLAYERA, CONJUNTO, GUAYABERA"
"2582","98","SUDADERA, PLAYERA, CONJUNTO"
"2583","98","GUAYABERA LARGA, PLAYERA, CAMISA"
"2584","98","SUDADERA, GUAYABERA, CONJUNTO"
"2585","98","CAMISA, CONJUNTO, CONJUNTO"
"2586","99","CONJUNTO, VESTIDO"
"2587","99","CONJUNTO, CAMISA, GUAYABERA"
"2588","99","CONJUNTO VESTIDO, VESTIDO"
"2589","100","CONJUNTO, CAMISA, CONJUNTO, PLAYERA"
"2590","100","PLAYERA, CONJUNTO, PLAYERA"
"2591","100","CONJUNTO, SHORT, CAMISA"
"2592","100","CONJUNTO, CONJUNTO GUAYABERA"
"2593","101","SUDADERA, SUDADERA"
"2594","101","PLAYERA, GUAYABERA LARGA, CONJUNTO"
"2595","101","CONJUNTO, SUDADERA, CHAMARRA"
"2596","101","CONJUNTO, CAMISA, CHAMARRA, CONJUNTO"
"2597","102","CONJUNTO VESTIDO, CONJUNTO, CAMISA"
"2598","102","CONJUNTO, CONJUNTO, CAMISA"
"2599","102","CAMISA, SUDADERA, CONJUNTO, VESTIDO"
"2600","102","CAMISA, CONJUNTO, SHORT, CAMISA"
"2601","103","SUDADERA, CHAMARRA, CONJUNTO"
"2602","103","CONJUNTO, CAMISA, CONJUNTO"
"2603","103","GUAYABERA, PANTALON, CONJUNTO"
"2604","104","CONJUNTO, VESTIDO, CONJUNTO"
"2605","104","CONJUNTO, VESTIDO"
"2606","104","CONJUNTO, CONJUNTO VESTIDO"
"2607","105","CONJUNTO, PLAYERA"
"2608","105","SHORT, PLAYERA"
"2609","105","SUDADERA, PLAYERA"
"2610","105","CHAMARRA, CONJUNTO"
"2611","106","VESTIDO, CONJUNTO GUAYABERA, CONJUNTO"
"2612","106","VESTIDO, CONJUNTO"
"2613","106","CONJUNTO, VESTIDO, VESTIDO"
"2614","106","CONJUNTO, CONJUNTO"
"2615","107","SHORT, CHAMARRA, CHAMARRA"
"2616","107","CONJUNTO, SUDADERA, SHORT"
"2617","107","CONJUNTO, CONJUNTO, CAMISA, CONJUNTO"
"2618","107","PLAYERA, CONJUNTO"
"2619","108","CONJUNTO, CONJUNTO GUAYABERA"
"2620","108","CAMISA, SACO, CONJUNTO"
"2621","108","CONJUNTO, CONJUNTO, CAMISA"
"2622","109","CONJUNTO, CONJUNTO VESTIDO"
"2623","109","CONJUNTO, VESTIDO, GUAYABERA"
"2624","109","CHAMARRA, CHAMARRA"
"2625","110","CONJUNTO CAMISA, CAMISA, CHAMARRA"
"2626","110","CHAMARRA, CAMISA, PLAYERA, CONJUNTO"
"2627","110","CONJUNTO, CONJUNTO, CONJUNTO"
"2628","110","CAMISA, CONJUNTO, CAMISA, CONJUNTO"
"2629","111","CAMISA, CONJUNTO, CHAMARRA, CONJUNTO"
"2630","111","CONJUNTO, CONJUNTO, CONJUNTO CAMISA"
"2631","111","CONJUNTO, CONJUNTO"
"2632","111","CONJUNTO, CONJUNTO, CHAMARRA"
"2633","112","CONJUNTO, VESTIDO"
"2634","112","VESTIDO, CONJUNTO"
"2635","112","CONJUNTO, SUDADERA"
"2636","113","VESTIDO, VESTIDO, SUDADERA"
"2637","113","CONJUNTO, CONJUNTO"
"2638","113","CONJUNTO, CONJUNTO VESTIDO, CONJUNTO"
"2639","113","CHAMARRA, GUAYABERA, CAMISA, PANTALON"
"2640","114","CONJUNTO, VESTIDO, VESTIDO"
"2641","114","CONJUNTO, VESTIDO, PANTALON"
"2642","114","CONJUNTO GUAYABERA, CHAMARRA, PLAYERA"
"2643","114","SUDADERA, CONJUNTO VESTIDO, SACO"
"2644","115","CONJUNTO, CONJUNTO"
"2645","115","CONJUNTO, CONJUNTO, CHAMARRA"
"2646","115","CONJUNTO, CONJUNTO"
"2647","115","CAMISA, CHAMARRA"
"2648","116","SACO, CONJUNTO, CAMISA"
"2649","116","VESTIDO, VESTIDO, PLAYERA"
"2650","116","SHORT, CONJUNTO, SUDADERA"
"2651","117","CONJUNTO, PLAYERA, CAMISA, CONJUNTO"
"2652","117","SACO, PLAYERA"
"2653","117","CAMISA, CONJUNTO, CAMISA"
"2654","117","CAMISA, CONJUNTO, CAMISA"
"2655","118","VESTIDO, VESTIDO"
"2656","118","CONJUNTO VESTIDO, GUAYABERA, CONJUNTO"
"2657","118","GUAYABERA, PANTALON, CONJUNTO"
"2658","118","CONJUNTO, VESTIDO"
"2659","119","VESTIDO, GUAYABERA"
"2660","119","VESTIDO, CONJUNTO VESTIDO"
"2661","119","CHAMARRA, CHAMARRA, CHAMARRA"
"2662","119","VESTIDO, CONJUNTO GUAYABERA"
"2663","120","VESTIDO, VESTIDO, CONJUNTO"
"2664","120","PANTALON, CONJUNTO VESTIDO"
"2665","120","CONJUNTO, CONJUNTO"
"2666","120","VESTIDO, CHAMARRA, PANTALON"
"2667","121","CONJUNTO, CAMISA, CONJUNTO, PLAYERA"
"2668","121","CHAMARRA, CONJUNTO, SACO"
"2669","121","GUAYABERA LARGA, PLAYERA"
"2670","122","CONJUNTO, VESTIDO"
"2671","122","CHAMARRA, SUDADERA, CONJUNTO"
"2672","122","CONJUNTO, SUDADERA, CONJUNTO"
"2673","123","CONJUNTO, PLAYERA, CAMISA"
"2674","123","CHAMARRA, CAMISA"
"2675","123","PLAYERA, CONJUNTO, PLAYERA"
"2676","123","PLAYERA, CONJUNTO"
"2677","124","CHAMARRA, GUAYABERA"
"2678","124","CONJUNTO, CONJUNTO"
"2679","124","CONJUNTO, SUDADERA"
"2680","124","CONJUNTO VESTIDO, VESTIDO, VESTIDO"
"2681","125","VESTIDO, PANTALON, SACO"
"2682","125","CONJUNTO, CHAMARRA"
"2683","125","CONJUNTO, CAMISA, SUDADERA"
"2684","126","CONJUNTO, SHORT, PLAYERA"
"2685","126","PLAYERA, SUDADERA"
"2686","126","CONJUNTO, CONJUNTO, CONJUNTO, CAMISA"
"2687","126","CONJUNTO, CONJUNTO"
"2688","127","CONJUNTO, CAMISA, CONJUNTO"
"2689","127","GUAYABERA, CONJUNTO GUAYABERA"
"2690","127","CONJUNTO, SUDADERA, SUDADERA"
"2691","127","PANTALON, CONJUNTO, GUAYABERA, SHORT"
"2692","128","CAMISA, SUDADERA, CAMISA, CONJUNTO"
"2693","128","CONJUNTO, CONJUNTO"
"2694","128","CONJUNTO, SHORT, CONJUNTO GUAYABERA"
"2695","128","CAMISA, CAMISA, CAMISA"
"2696","129","CONJUNTO, PLAYERA, SHORT, PLAYERA"
"2697","129","CAMISA, PLAYERA, CONJUNTO, CONJUNTO"
"2698","129","CHAMARRA, CONJUNTO, CONJUNTO GUAYABERA"
"2699","129","CHAMARRA, SACO, PLAYERA"
"2700","130","CAMISA, SUDADERA"
"2701","130","CONJUNTO, CONJUNTO, SHORT"
"2702","130","CONJUNTO, CHAMARRA, CONJUNTO"
"2703","130","CONJUNTO, CONJUNTO"
"2704","131","CONJUNTO, CONJUNTO, CONJUNTO"
"2705","131","CHAMARRA, CONJUNTO, CONJUNTO GUAYABERA"
"2706","131","PANTALON, PANTALON, CONJUNTO"
"2707","131","CONJUNTO, CONJUNTO"
"2708","132","SACO, CONJUNTO, CAMISA, CONJUNTO"
"2709","132","CONJUNTO VESTIDO, SHORT, PLAYERA, VESTIDO"
"2710","132","SUDADERA, CONJUNTO, VESTIDO"
"2711","133","VESTIDO, CONJUNTO, CHAMARRA"
"2712","133","CONJUNTO, VESTIDO"
"2713","133","GUAYABERA, CONJUNTO VESTIDO"
"2714","134","CONJUNTO, CONJUNTO"
"2715","134","CHAMARRA, VESTIDO"
"2716","134","CONJUNTO, CONJUNTO, CAMISA"
"2717","135","CHAMARRA, CONJUNTO, CAMISA, CONJUNTO"
"2718","135","SUDADERA, CONJUNTO, PLAYERA"
"2719","135","CAMISA, CHAMARRA, CHAMARRA"
"2720","135","SACO, CONJUNTO"
"2721","136","CHAMARRA, VESTIDO, CONJUNTO"
"2722","136","VESTIDO, CONJUNTO VESTIDO, CONJUNTO VESTIDO"
"2723","136","CONJUNTO, SUDADERA, VESTIDO"
"2724","137","CONJUNTO, CONJUNTO VESTIDO"
"2725","137","CONJUNTO, CONJUNTO, CONJUNTO"
"2726","137","CONJUNTO, CONJUNTO VESTIDO, CHAMARRA"
"2727","138","CONJUNTO VESTIDO, SUDADERA, CONJUNTO"
"2728","138","VESTIDO, CONJUNTO VESTIDO, VESTIDO"
"2729","138","CONJUNTO GUAYABERA, CONJUNTO, CONJUNTO"
"2730","138","CONJUNTO, CONJUNTO, CHAMARRA"
"2731","139","CONJUNTO, CAMISA, SACO, SUDADERA"
"2732","139","CONJUNTO GUAYABERA, CONJUNTO"
"2733","139","PLAYERA, PLAYERA, SHORT"
"2734","139","SACO, CONJUNTO"
"2735","140","GUAYABERA, GUAYABERA, PANTALON, CONJUNTO"
"2736","140","PANTALON, CONJUNTO, CONJUNTO VESTIDO, GUAYABERA"
"2737","140","PANTALON, PANTALON, CONJUNTO GUAYABERA"
"2738","140","CHAMARRA, VESTIDO"
"2739","141","CONJUNTO VESTIDO, PANTALON"
"2740","141","CONJUNTO, VESTIDO"
"2741","141","CONJUNTO VESTIDO, CONJUNTO, VESTIDO"
"2742","142","SHORT, SACO"
"2743","142","CONJUNTO, CAMISA, CONJUNTO"
"2744","142","CONJUNTO, CONJUNTO, CONJUNTO"
"2745","142","CONJUNTO, SACO, CONJUNTO"
"2746","143","CONJUNTO, CONJUNTO"
"2747","143","SUDADERA, CONJUNTO VESTIDO, CONJUNTO VESTIDO"
"2748","143","CONJUNTO, CONJUNTO, CONJUNTO"
"2749","143","CONJUNTO, CONJUNTO VESTIDO, CONJUNTO"
"2750","144","CHAMARRA, CONJUNTO, CONJUNTO VESTIDO"
"2751","144","SUDADERA, SHORT"
"2752","144","CONJUNTO GUAYABERA, CONJUNTO, CONJUNTO"
"2753","145","CONJUNTO, VESTIDO"
"2754","145","CONJUNTO, CONJUNTO, CONJUNTO"
"2755","145","CHAMARRA, CONJUNTO, GUAYABERA"
"2756","145","PANTALON, CONJUNTO"
"2757","146","CAMISA, CHAMARRA, CONJUNTO"
"2758","146","CONJUNTO, CONJUNTO, CONJUNTO"
"2759","146","CONJUNTO, CONJUNTO, CONJUNTO"
"2760","146","CAMISA, CONJUNTO CAMISA, GUAYABERA LARGA"
"2761","147","VESTIDO, CONJUNTO"
"2762","147","CONJUNTO, PANTALON"
"2763","147","CONJUNTO, CONJUNTO, CONJUNTO VESTIDO"
"2764","148","CHAMARRA, GUAYABERA, CONJUNTO"
"2765","148","VESTIDO, VESTIDO"
"2766","148","CONJUNTO, VESTIDO"
"2767","149","PLAYERA, CONJUNTO"
"2768","149","CONJUNTO CAMISA, VESTIDO, CHAMARRA"
"2769","149","VESTIDO, CONJUNTO VESTIDO"
"2770","149","VESTIDO, SUDADERA, PANTALON"
"2771","150","CONJUNTO, GUAYABERA LARGA"
"2772","150","SUDADERA, CONJUNTO, VESTIDO"
"2773","150","PLAYERA, CONJUNTO, CAMISA, CONJUNTO"
"2774","150","CONJUNTO, CONJUNTO, CAMISA"
"2775","151","CONJUNTO, CAMISA, SUDADERA"
"2776","151","CONJUNTO VESTIDO, SUDADERA"
"2777","151","PLAYERA, CHAMARRA"
"2778","151","CONJUNTO VESTIDO, SHORT, GUAYABERA, PLAYERA"
"2779","152","SUDADERA, VESTIDO"
"2780","152","VESTIDO, CONJUNTO, CONJUNTO"
"2781","152","VESTIDO, CHAMARRA, CONJUNTO CAMISA"
"2782","152","CONJUNTO, CONJUNTO, PLAYERA"
"2783","153","CONJUNTO, CONJUNTO GUAYABERA"
"2784","153","SUDADERA, SUDADERA"
"2785","153","CONJUNTO GUAYABERA, PLAYERA"
"2786","154","CAMISA, PLAYERA, CONJUNTO"
"2787","154","CONJUNTO, CAMISA, CHAMARRA, CONJUNTO"
"2788","154","CONJUNTO, SHORT, CONJUNTO, CAMISA"
"2789","155","SUDADERA, SHORT"
"2790","155","CONJUNTO, CONJUNTO, CAMISA"
"2791","155","CONJUNTO, SACO, CAMISA"
"2792","155","SUDADERA, CHAMARRA, CHAMARRA"
"2793","156","CAMISA, GUAYABERA, CONJUNTO"
"2794","156","CONJUNTO, CONJUNTO, CAMISA, CONJUNTO"
"2795","156","CONJUNTO GUAYABERA, PLAYERA, SHORT"
"2796","156","SUDADERA, CAMISA"
"2797","157","VESTIDO, CONJUNTO VESTIDO, VESTIDO"
"2798","157","CONJUNTO, CONJUNTO, CHAMARRA"
"2799","157","CONJUNTO, CONJUNTO, CONJUNTO GUAYABERA"
"2800","157","CONJUNTO VESTIDO, PANTALON, CONJUNTO"
"2801","158","CONJUNTO, CONJUNTO CAMISA, CONJUNTO, CAMISA"
"2802","158","CONJUNTO, PLAYERA, VESTIDO"
"2803","158","CONJUNTO VESTIDO, CONJUNTO, CHAMARRA"
"2804","159","CONJUNTO, CAMISA, CHAMARRA"
"2805","159","CONJUNTO, SUDADERA, PLAYERA"
"2806","159","SUDADERA, SUDADERA"
"2807","159","CONJUNTO, CONJUNTO, CONJUNTO"
"2808","160","CONJUNTO CAMISA, SHORT"
"2809","160","PANTALON, CONJUNTO"
"2810","160","SUDADERA, CAMISA, CONJUNTO, CONJUNTO"
"2815","162","CONJUNTO, CHAMARRA, CONJUNTO"
"2816","162","CONJUNTO, GUAYABERA, CONJUNTO"
"2817","162","CONJUNTO VESTIDO, CONJUNTO, VESTIDO"
"2818","163","CONJUNTO, PANTALON"
"2819","163","VESTIDO, CONJUNTO VESTIDO"
"2820","163","CONJUNTO GUAYABERA, PANTALON, VESTIDO"
"2821","164","CONJUNTO, CONJUNTO, PLAYERA"
"2822","164","SACO, CONJUNTO, PLAYERA"
"2823","164","CONJUNTO, CAMISA, PLAYERA"
"2824","164","SUDADERA, CONJUNTO, CONJUNTO GUAYABERA"
"2825","165","CHAMARRA, GUAYABERA, CHAMARRA"
"2826","165","CONJUNTO VESTIDO, CONJUNTO"
"2827","165","PANTALON, GUAYABERA"
"2828","166","CONJUNTO VESTIDO, CONJUNTO, CONJUNTO"
"2829","166","VESTIDO, CONJUNTO"
"2830","166","GUAYABERA, VESTIDO, SUDADERA"
"2831","167","VESTIDO, CONJUNTO CAMISA, CONJUNTO GUAYABERA"
"2832","167","GUAYABERA, PANTALON, CAMISA"
"2833","167","CONJUNTO, SACO, SACO"
"2834","167","CHAMARRA, PLAYERA, VESTIDO"
"2835","168","PANTALON, VESTIDO"
"2836","168","CONJUNTO, CHAMARRA"
"2837","168","CONJUNTO, CONJUNTO, CONJUNTO"
"2838","168","CAMISA, CONJUNTO, SUDADERA"
"2839","169","PLAYERA, CHAMARRA"
"2840","169","PLAYERA, VESTIDO"
"2841","169","VESTIDO, CONJUNTO, CONJUNTO"
"2842","169","CONJUNTO, CONJUNTO VESTIDO, CONJUNTO"
"2843","170","CONJUNTO, SUDADERA"
"2844","170","CAMISA, CONJUNTO GUAYABERA, CHAMARRA"
"2845","170","CONJUNTO, CAMISA, CAMISA, CONJUNTO"
"2846","170","CONJUNTO, CAMISA, CONJUNTO"
"2847","171","CAMISA, CAMISA, CONJUNTO"
"2848","171","CONJUNTO, PLAYERA"
"2849","171","CONJUNTO, CONJUNTO, CAMISA"
"2850","171","CAMISA, CONJUNTO, CONJUNTO, CAMISA"
"2851","172","CONJUNTO, CONJUNTO, CONJUNTO"
"2852","172","SUDADERA, CONJUNTO, CONJUNTO, CAMISA"
"2853","172","CONJUNTO GUAYABERA, CONJUNTO GUAYABERA, PLAYERA"
"2854","173","VESTIDO, GUAYABERA"
"2855","173","CONJUNTO, CONJUNTO GUAYABERA, VESTIDO"
"2856","173","CONJUNTO, PANTALON, CONJUNTO VESTIDO"
"2857","173","CHAMARRA, CONJUNTO VESTIDO"
"2858","174","CONJUNTO VESTIDO, CONJUNTO"
"2859","174","CONJUNTO, CHAMARRA"
"2860","174","CONJUNTO VESTIDO, CONJUNTO VESTIDO, CONJUNTO VESTIDO"
"2861","175","CONJUNTO, CONJUNTO VESTIDO"
"2862","175","CONJUNTO, CONJUNTO VESTIDO, CHAMARRA"
"2863","175","VESTIDO, VESTIDO, CONJUNTO VESTIDO"
"2864","175","CONJUNTO, SUDADERA, CONJUNTO"
"2865","176","CAMISA, CHAMARRA, GUAYABERA"
"2866","176","CONJUNTO, CAMISA, CONJUNTO, CONJUNTO"
"2867","176","VESTIDO, CHAMARRA"
"2868","176","CHAMARRA, CONJUNTO, CONJUNTO"
"2869","177","PLAYERA, PLAYERA, SHORT, CONJUNTO"
"2870","177","CHAMARRA, PLAYERA, CONJUNTO"
"2871","177","PLAYERA, PLAYERA"
"2872","178","CONJUNTO, CONJUNTO, CONJUNTO VESTIDO"
"2873","178","PANTALON, VESTIDO, CHAMARRA"
"2874","178","CONJUNTO, PANTALON"
"2875","178","VESTIDO, CONJUNTO"
"2876","179","VESTIDO, CONJUNTO, VESTIDO"
"2877","179","CHAMARRA, CHAMARRA, CONJUNTO VESTIDO"
"2878","179","CONJUNTO VESTIDO, CONJUNTO VESTIDO, CONJUNTO"
"2879","179","CHAMARRA, CONJUNTO, CONJUNTO VESTIDO"
"2880","180","CONJUNTO GUAYABERA, CONJUNTO"
"2881","180","SUDADERA, SHORT"
"2882","180","CHAMARRA, CONJUNTO, CAMISA, CHAMARRA"
"2883","181","CONJUNTO, CAMISA, CONJUNTO"
"2884","181","CONJUNTO, CAMISA, CONJUNTO"
"2885","181","CONJUNTO CAMISA, CONJUNTO, CHAMARRA"
"2886","181","PLAYERA, VESTIDO"
"2887","182","CONJUNTO, PANTALON, CONJUNTO"
"2888","182","CONJUNTO, VESTIDO"
"2889","182","CONJUNTO VESTIDO, CONJUNTO VESTIDO"
"2890","182","GUAYABERA, CONJUNTO, CONJUNTO GUAYABERA"
"2891","183","SHORT, PLAYERA"
"2892","183","PLAYERA, SUDADERA, CONJUNTO GUAYABERA"
"2893","183","CAMISA, CONJUNTO, CONJUNTO"
"2894","184","CONJUNTO, CHAMARRA, CONJUNTO VESTIDO"
"2895","184","SUDADERA, VESTIDO"
"2896","184","CONJUNTO, CHAMARRA, CHAMARRA"
"2897","184","CONJUNTO, VESTIDO, CONJUNTO"
"2898","185","CONJUNTO VESTIDO, CONJUNTO, VESTIDO"
"2899","185","CONJUNTO, CONJUNTO, CAMISA"
"2900","185","CAMISA, CONJUNTO, CONJUNTO"
"2901","185","CONJUNTO GUAYABERA, VESTIDO"
"2902","186","CONJUNTO, VESTIDO, CONJUNTO"
"2903","186","PANTALON, VESTIDO, CONJUNTO"
"2904","186","CONJUNTO VESTIDO, SUDADERA, GUAYABERA"
"2905","187","PLAYERA, CONJUNTO, CAMISA"
"2906","187","CONJUNTO, CAMISA, CAMISA, CONJUNTO GUAYABERA"
"2907","187","CONJUNTO, CAMISA, CONJUNTO"
"2908","187","PLAYERA, SHORT, CONJUNTO CAMISA"
"2909","188","CONJUNTO, CONJUNTO"
"2910","188","PANTALON, GUAYABERA, CONJUNTO GUAYABERA"
"2911","188","CONJUNTO, CONJUNTO, CONJUNTO"
"2912","188","VESTIDO, CONJUNTO"
"2913","189","CONJUNTO, VESTIDO, VESTIDO"
"2914","189","CONJUNTO, CONJUNTO"
"2915","189","VESTIDO, CONJUNTO VESTIDO"
"2916","189","SUDADERA, VESTIDO, VESTIDO"
"2917","190","CONJUNTO, CAMISA, CONJUNTO, PLAYERA"
"2918","190","PLAYERA, CAMISA, CONJUNTO"
"2919","190","PLAYERA, SACO, SUDADERA"
"2920","190","CONJUNTO, GUAYABERA LARGA, CAMISA, SHORT"
"2921","191","CONJUNTO, CONJUNTO, CONJUNTO, CAMISA"
"2922","191","CAMISA, SHORT, CONJUNTO, CONJUNTO"
"2923","191","SUDADERA, CHAMARRA"
"2924","191","CONJUNTO, CAMISA, CAMISA, CONJUNTO"
"2925","192","CONJUNTO, CHAMARRA, CONJUNTO VESTIDO"
"2926","192","VESTIDO, VESTIDO"
"2927","192","VESTIDO, CONJUNTO"
"2928","193","CONJUNTO, CONJUNTO"
"2929","193","SUDADERA, CONJUNTO GUAYABERA, PLAYERA"
"2930","193","SACO, PLAYERA"
"2931","193","CONJUNTO, CONJUNTO, CAMISA, PLAYERA"
"2932","194","CAMISA, CONJUNTO, CONJUNTO"
"2933","194","CONJUNTO GUAYABERA, CONJUNTO"
"2934","194","CONJUNTO, CONJUNTO VESTIDO, CONJUNTO"
"2935","194","GUAYABERA, PLAYERA, GUAYABERA LARGA"
"2936","195","CONJUNTO VESTIDO, VESTIDO, CONJUNTO"
"2937","195","SUDADERA, SUDADERA, CONJUNTO VESTIDO"
"2938","195","CONJUNTO VESTIDO, PANTALON"
"2939","195","CONJUNTO, CONJUNTO, PANTALON"
"2940","196","CONJUNTO, SUDADERA"
"2941","196","CAMISA, VESTIDO, SUDADERA, CONJUNTO"
"2942","196","CONJUNTO, CAMISA, CONJUNTO"
"2943","196","VESTIDO, CONJUNTO, SUDADERA"
"2944","197","CONJUNTO, CONJUNTO, CHAMARRA"
"2945","197","VESTIDO, VESTIDO, CONJUNTO"
"2946","197","CONJUNTO, VESTIDO"
"2947","198","CHAMARRA, CONJUNTO VESTIDO"
"2948","198","PANTALON, CHAMARRA, PANTALON"
"2949","198","CHAMARRA, PANTALON, PANTALON"
"2950","199","CONJUNTO, CONJUNTO, CAMISA"
"2951","199","CAMISA, CONJUNTO"
"2952","199","CONJUNTO, PLAYERA, CAMISA, CAMISA"
"2953","200","CONJUNTO, SUDADERA"
"2954","200","CONJUNTO GUAYABERA, CAMISA, CONJUNTO"
"2955","200","CONJUNTO, CONJUNTO"
"2956","200","VESTIDO, CONJUNTO, PANTALON"
"2957","201","GUAYABERA, CONJUNTO"
"2958","201","CONJUNTO, CONJUNTO"
"2959","201","CONJUNTO, CHAMARRA, VESTIDO"
"2960","201","CONJUNTO, CONJUNTO VESTIDO"
"2961","202","CAMISA, CONJUNTO, CAMISA"
"2962","202","CONJUNTO GUAYABERA, SUDADERA, CONJUNTO"
"2963","202","SUDADERA, SACO, SUDADERA"
"2964","202","SHORT, PLAYERA, SACO"
"2968","204","CONJUNTO, CHAMARRA"
"2969","204","CONJUNTO, CONJUNTO"
"2970","204","CONJUNTO, CONJUNTO VESTIDO"
"2971","205","CONJUNTO, SHORT, PLAYERA, PLAYERA"
"2972","205","CHAMARRA, CONJUNTO VESTIDO"
"2973","205","PLAYERA, VESTIDO, CONJUNTO, SHORT"
"2974","206","SHORT, CHAMARRA, PLAYERA"
"2975","206","CHAMARRA, CAMISA, CONJUNTO"
"2976","206","CONJUNTO, PLAYERA, CAMISA"
"2977","206","CHAMARRA, CAMISA"
"2978","207","SHORT, CONJUNTO, CONJUNTO"
"2979","207","PLAYERA, SACO, CONJUNTO"
"2980","207","SHORT, CONJUNTO, CAMISA, CAMISA"
"2981","207","CONJUNTO, CONJUNTO, PLAYERA, SHORT"
"2982","208","CONJUNTO, CHAMARRA, VESTIDO"
"2983","208","CONJUNTO VESTIDO, VESTIDO"
"2984","208","CONJUNTO VESTIDO, VESTIDO, SUDADERA"
"2985","209","CONJUNTO, SUDADERA, CONJUNTO"
"2986","209","CAMISA, PANTALON, CONJUNTO"
"2987","209","CONJUNTO, SHORT, CONJUNTO VESTIDO"
"2988","210","VESTIDO, CONJUNTO"
"2989","210","CONJUNTO, CONJUNTO VESTIDO"
"2990","210","CONJUNTO, CONJUNTO"
"2991","211","CONJUNTO VESTIDO, CONJUNTO"
"2992","211","CONJUNTO VESTIDO, CONJUNTO"
"2993","211","VESTIDO, VESTIDO, CHAMARRA"
"2994","212","CONJUNTO, SUDADERA, SUDADERA"
"2995","212","CONJUNTO VESTIDO, VESTIDO, CHAMARRA"
"2996","212","CONJUNTO, CHAMARRA, CONJUNTO VESTIDO"
"2997","213","CONJUNTO, VESTIDO, CONJUNTO"
"2998","213","PANTALON, CONJUNTO, VESTIDO"
"2999","213","CHAMARRA, CONJUNTO, VESTIDO"
"3000","213","VESTIDO, CHAMARRA, VESTIDO"
"3001","214","PANTALON, CHAMARRA"
"3002","214","VESTIDO, CHAMARRA, VESTIDO"
"3003","214","VESTIDO, VESTIDO, VESTIDO"
"3004","214","VESTIDO, PANTALON, CONJUNTO"
"3005","215","CONJUNTO, CONJUNTO VESTIDO, VESTIDO"
"3006","215","SUDADERA, SUDADERA, CHAMARRA"
"3007","215","PLAYERA, CAMISA, CONJUNTO, CONJUNTO"
"3008","215","CHAMARRA, CONJUNTO, SHORT, PLAYERA"
"3009","216","SHORT, CAMISA, CONJUNTO"
"3010","216","CONJUNTO, CONJUNTO, SUDADERA"
"3011","216","CONJUNTO CAMISA, CONJUNTO GUAYABERA"
"3012","216","CONJUNTO, SUDADERA, PLAYERA"
"3013","217","CONJUNTO, CONJUNTO, CAMISA"
"3014","217","CONJUNTO, CAMISA, CHAMARRA"
"3015","217","CAMISA, CAMISA, CONJUNTO"
"3016","218","CONJUNTO, CONJUNTO, SHORT, CAMISA"
"3017","218","CAMISA, PLAYERA, CONJUNTO"
"3018","218","CONJUNTO, CAMISA, CONJUNTO"
"3019","219","SUDADERA, CONJUNTO VESTIDO"
"3020","219","VESTIDO, VESTIDO"
"3021","219","CONJUNTO, CONJUNTO"
"3022","219","CONJUNTO, PANTALON, CONJUNTO GUAYABERA"
"3023","220","GUAYABERA LARGA, CAMISA, CONJUNTO, CAMISA"
"3024","220","CONJUNTO, SACO"
"3025","220","CAMISA, CONJUNTO, SACO, CONJUNTO"
"3026","220","CONJUNTO, CONJUNTO"
"3027","221","CONJUNTO, SACO, CAMISA"
"3028","221","CONJUNTO, CONJUNTO GUAYABERA, CONJUNTO"
"3029","221","CAMISA, CONJUNTO, PLAYERA, CONJUNTO"
"3030","222","CAMISA, PANTALON, CONJUNTO VESTIDO, CONJUNTO"
"3031","222","VESTIDO, PLAYERA, CONJUNTO"
"3032","222","CONJUNTO, CONJUNTO CAMISA, CONJUNTO"
"3033","223","CONJUNTO, SUDADERA, CAMISA, CONJUNTO"
"3034","223","SHORT, PLAYERA"
"3035","223","CAMISA, PLAYERA, CONJUNTO, CONJUNTO"
"3036","224","PLAYERA, CONJUNTO, CHAMARRA"
"3037","224","SUDADERA, CONJUNTO, PLAYERA"
"3038","224","CAMISA, PLAYERA, SHORT"
"3039","225","CONJUNTO, CONJUNTO"
"3040","225","VESTIDO, CONJUNTO, VESTIDO"
"3041","225","VESTIDO, CONJUNTO VESTIDO"
"3042","225","CONJUNTO, PANTALON, CAMISA"
"3043","226","VESTIDO, PANTALON, CHAMARRA"
"3044","226","VESTIDO, CONJUNTO"
"3045","226","VESTIDO, CHAMARRA"
"3046","227","CONJUNTO, SHORT, SACO"
"3047","227","PLAYERA, CAMISA, CONJUNTO"
"3048","227","PLAYERA, CONJUNTO, CAMISA, GUAYABERA"
"3049","228","GUAYABERA LARGA, SHORT"
"3050","228","CONJUNTO, CONJUNTO, SHORT"
"3051","228","CONJUNTO, CAMISA, CONJUNTO, PLAYERA"
"3052","228","CONJUNTO, CONJUNTO, CAMISA"
"3053","229","CONJUNTO GUAYABERA, CONJUNTO, CONJUNTO"
"3054","229","PLAYERA, CONJUNTO, CONJUNTO, CAMISA"
"3055","229","CONJUNTO, CAMISA, CONJUNTO"
"3056","229","SUDADERA, CONJUNTO"
"3057","230","VESTIDO, CONJUNTO, CONJUNTO"
"3058","230","PANTALON, VESTIDO"
"3059","230","SUDADERA, CHAMARRA, VESTIDO"
"3060","231","PLAYERA, CONJUNTO, CAMISA"
"3061","231","CONJUNTO, CHAMARRA"
"3062","231","CONJUNTO, CONJUNTO, SUDADERA"
"3063","232","GUAYABERA, CONJUNTO, CHAMARRA"
"3064","232","CONJUNTO GUAYABERA, SUDADERA"
"3065","232","CONJUNTO, SHORT"
"3066","232","CAMISA, GUAYABERA"
"3067","233","PLAYERA, SHORT"
"3068","233","CAMISA, CONJUNTO, PLAYERA"
"3069","233","CONJUNTO, SUDADERA, CONJUNTO"
"3070","234","CAMISA, CONJUNTO"
"3071","234","CONJUNTO GUAYABERA, CONJUNTO, CONJUNTO"
"3072","234","CONJUNTO, CONJUNTO, CAMISA"
"3073","235","CONJUNTO GUAYABERA, CONJUNTO GUAYABERA, CONJUNTO"
"3074","235","CAMISA, CHAMARRA, CONJUNTO, SACO"
"3075","235","CONJUNTO, PLAYERA, CAMISA"
"3076","235","SUDADERA, CONJUNTO, CONJUNTO"
"3077","236","CONJUNTO, CAMISA, CAMISA, CONJUNTO GUAYABERA"
"3078","236","CAMISA, CONJUNTO, PLAYERA, GUAYABERA"
"3079","236","PLAYERA, CONJUNTO, CONJUNTO"
"3080","236","CONJUNTO, CONJUNTO, GUAYABERA"
"3081","237","VESTIDO, VESTIDO, VESTIDO"
"3082","237","CONJUNTO, CHAMARRA, VESTIDO"
"3083","237","VESTIDO, CONJUNTO, CHAMARRA"
"3084","237","CHAMARRA, PANTALON, CONJUNTO"
"3085","238","CONJUNTO, CONJUNTO VESTIDO, CHAMARRA"
"3086","238","CONJUNTO, CONJUNTO"
"3087","238","CONJUNTO, CONJUNTO"
"3088","239","CONJUNTO, VESTIDO"
"3089","239","CONJUNTO, VESTIDO, GUAYABERA"
"3090","239","VESTIDO, CONJUNTO, CONJUNTO"
"3091","239","CONJUNTO, CONJUNTO, CONJUNTO"
"3092","240","CONJUNTO, CAMISA, CONJUNTO"
"3093","240","CAMISA, CONJUNTO, CONJUNTO, CAMISA"
"3094","240","CONJUNTO, CONJUNTO, CHAMARRA"
"3095","241","CONJUNTO, CONJUNTO, CAMISA"
"3096","241","CONJUNTO GUAYABERA, PLAYERA"
"3097","241","SACO, GUAYABERA LARGA"
"3098","242","SUDADERA, CONJUNTO GUAYABERA"
"3099","242","CONJUNTO, VESTIDO"
"3100","242","CONJUNTO VESTIDO, CONJUNTO, CONJUNTO"
"3101","242","CONJUNTO VESTIDO, SUDADERA, CONJUNTO"
"3102","243","SUDADERA, CONJUNTO, CAMISA"
"3103","243","PLAYERA, SACO, CONJUNTO"
"3104","243","SACO, CHAMARRA, CONJUNTO"
"3105","243","CONJUNTO, CHAMARRA, CONJUNTO"
"3106","244","CONJUNTO VESTIDO, CONJUNTO VESTIDO"
"3107","244","VESTIDO, CHAMARRA"
"3108","244","CONJUNTO VESTIDO, CONJUNTO, VESTIDO"
"3109","245","CONJUNTO VESTIDO, CONJUNTO, VESTIDO"
"3110","245","CONJUNTO, CONJUNTO VESTIDO, CONJUNTO"
"3111","245","VESTIDO, VESTIDO"
"3112","246","VESTIDO, VESTIDO"
"3113","246","CONJUNTO VESTIDO, CONJUNTO, SUDADERA"
"3114","246","PANTALON, PANTALON"
"3115","246","VESTIDO, CHAMARRA, CONJUNTO"
"3116","247","CHAMARRA, CHAMARRA, SUDADERA"
"3117","247","GUAYABERA, PANTALON, CONJUNTO, CONJUNTO"
"3118","247","SACO, CAMISA, CONJUNTO, CONJUNTO"
"3119","248","SUDADERA, VESTIDO"
"3120","248","CHAMARRA, CONJUNTO, CONJUNTO VESTIDO"
"3121","248","CONJUNTO, CONJUNTO VESTIDO"
"3122","249","CONJUNTO GUAYABERA, CONJUNTO, CAMISA, GUAYABERA"
"3123","249","SACO, SHORT, CONJUNTO"
"3124","249","CONJUNTO, SUDADERA"
"3125","249","CAMISA, CONJUNTO, CONJUNTO"
"3126","250","CONJUNTO, CONJUNTO"
"3127","250","CONJUNTO VESTIDO, PANTALON"
"3128","250","CONJUNTO, CHAMARRA"
"3129","251","PANTALON, GUAYABERA, CHAMARRA"
"3130","251","CONJUNTO, CONJUNTO, CONJUNTO VESTIDO"
"3131","251","SUDADERA, SACO, SUDADERA"
"3132","252","CHAMARRA, CONJUNTO VESTIDO, VESTIDO"
"3133","252","CONJUNTO, CONJUNTO, PLAYERA"
"3134","252","VESTIDO, SACO, CONJUNTO"
"3135","253","SACO, CONJUNTO"
"3136","253","CAMISA, CONJUNTO, CAMISA, CHAMARRA"
"3137","253","PLAYERA, CHAMARRA, CHAMARRA"
"3138","253","CAMISA, PLAYERA, CONJUNTO, CONJUNTO"
"3139","254","CONJUNTO VESTIDO, CONJUNTO VESTIDO"
"3140","254","CONJUNTO, VESTIDO"
"3141","254","CONJUNTO, CONJUNTO VESTIDO, VESTIDO"
"3142","255","CHAMARRA, VESTIDO"
"3143","255","CONJUNTO, PLAYERA, CAMISA, CONJUNTO GUAYABERA"
"3144","255","PLAYERA, GUAYABERA LARGA, PANTALON"
"3145","256","CONJUNTO GUAYABERA, CONJUNTO, CONJUNTO"
"3146","256","CONJUNTO GUAYABERA, CONJUNTO GUAYABERA"
"3147","256","GUAYABERA, SUDADERA"
"3148","256","CONJUNTO, CONJUNTO"
"3149","257","CAMISA, CONJUNTO, VESTIDO"
"3150","257","CAMISA, CONJUNTO, CONJUNTO"
"3151","257","PANTALON, PANTALON, VESTIDO"
"3152","257","CONJUNTO, SUDADERA"
"3153","258","CONJUNTO CAMISA, CONJUNTO, CONJUNTO"
"3154","258","CONJUNTO, VESTIDO, PLAYERA"
"3155","258","CHAMARRA, CHAMARRA, CONJUNTO"
"3156","258","GUAYABERA, CONJUNTO, CAMISA"
"3157","259","CONJUNTO, CONJUNTO, CONJUNTO, CAMISA"
"3158","259","CONJUNTO, CONJUNTO, CONJUNTO, CAMISA"
"3159","259","CHAMARRA, CONJUNTO VESTIDO, PLAYERA"
"3160","259","CONJUNTO, CONJUNTO, PLAYERA, SHORT"
"3165","261","VESTIDO, VESTIDO"
"3166","261","CONJUNTO GUAYABERA, CONJUNTO"
"3167","261","VESTIDO, CONJUNTO, CONJUNTO VESTIDO"
"3168","262","CONJUNTO, SUDADERA"
"3169","262","CAMISA, CONJUNTO, CONJUNTO"
"3170","262","CONJUNTO, GUAYABERA LARGA"
"3171","263","CONJUNTO, PANTALON, CONJUNTO"
"3172","263","CONJUNTO, CHAMARRA"
"3173","263","CHAMARRA, CHAMARRA"
"3174","264","CONJUNTO, PLAYERA"
"3175","264","CAMISA, SACO, CONJUNTO"
"3176","264","CAMISA, PLAYERA"
"3177","265","CONJUNTO, PLAYERA"
"3178","265","PLAYERA, CONJUNTO, CONJUNTO"
"3179","265","CAMISA, CONJUNTO, CHAMARRA"
"3180","265","CAMISA, CONJUNTO, CONJUNTO, CONJUNTO"
"3181","266","CONJUNTO, VESTIDO"
"3182","266","CONJUNTO, SUDADERA, CHAMARRA"
"3183","266","CONJUNTO VESTIDO, CONJUNTO, CONJUNTO"
"3184","266","VESTIDO, VESTIDO, CONJUNTO"
"3185","267","GUAYABERA, PANTALON, CHAMARRA"
"3186","267","PLAYERA, CONJUNTO, CHAMARRA"
"3187","267","CHAMARRA, CONJUNTO, PLAYERA"
"3188","268","CHAMARRA, CONJUNTO"
"3189","268","SUDADERA, SUDADERA"
"3190","268","GUAYABERA LARGA, CONJUNTO, CHAMARRA"
"3191","269","CONJUNTO, VESTIDO, CONJUNTO GUAYABERA"
"3192","269","CONJUNTO, VESTIDO, CONJUNTO"
"3193","269","VESTIDO, CONJUNTO GUAYABERA, CONJUNTO VESTIDO"
"3194","269","CONJUNTO, CONJUNTO VESTIDO, CONJUNTO"
"3198","271","CONJUNTO, PLAYERA"
"3199","271","CONJUNTO, CAMISA, CONJUNTO, CONJUNTO"
"3200","271","CONJUNTO, CHAMARRA, CONJUNTO, CAMISA"
"3201","271","PLAYERA, VESTIDO"
"3202","272","CONJUNTO, CAMISA, PLAYERA, CONJUNTO"
"3203","272","PLAYERA, CONJUNTO, CONJUNTO"
"3204","272","CAMISA, CONJUNTO, CONJUNTO"
"3205","273","CAMISA, CONJUNTO, CONJUNTO, SUDADERA"
"3206","273","CONJUNTO, CONJUNTO, CAMISA"
"3207","273","CONJUNTO, CHAMARRA"
"3208","273","CHAMARRA, PLAYERA"
"3209","274","SUDADERA, CONJUNTO VESTIDO, CONJUNTO VESTIDO"
"3210","274","CONJUNTO, VESTIDO, CONJUNTO"
"3211","274","VESTIDO, CONJUNTO"
"3212","274","CONJUNTO, VESTIDO, VESTIDO"
"3213","275","CONJUNTO, CAMISA, CONJUNTO, CONJUNTO"
"3214","275","CAMISA, CONJUNTO, CONJUNTO GUAYABERA"
"3215","275","CONJUNTO VESTIDO, CONJUNTO, CONJUNTO"
"3216","275","CONJUNTO, CONJUNTO"
"3217","276","CONJUNTO, CHAMARRA"
"3218","276","VESTIDO, CONJUNTO, CONJUNTO"
"3219","276","VESTIDO, CONJUNTO VESTIDO, CHAMARRA"
"3220","276","CONJUNTO VESTIDO, CHAMARRA, CONJUNTO"
"3221","277","CONJUNTO, CONJUNTO, CAMISA"
"3222","277","CHAMARRA, PLAYERA, SHORT"
"3223","277","PLAYERA, CONJUNTO"
"3224","278","CONJUNTO, CONJUNTO"
"3225","278","CONJUNTO, PANTALON"
"3226","278","CONJUNTO, SUDADERA"
"3227","279","VESTIDO, VESTIDO"
"3228","279","CONJUNTO, VESTIDO, CONJUNTO"
"3229","279","VESTIDO, VESTIDO, CONJUNTO"
"3230","279","CONJUNTO, CONJUNTO, VESTIDO"
"3231","280","CONJUNTO, CONJUNTO, CAMISA, CONJUNTO"
"3232","280","SUDADERA, PANTALON"
"3233","280","CHAMARRA, CONJUNTO, CONJUNTO"
"3234","280","CHAMARRA, CONJUNTO"
"3235","281","CONJUNTO, PLAYERA"
"3236","281","SUDADERA, SHORT"
"3237","281","CONJUNTO, SHORT, CONJUNTO"
"3238","282","VESTIDO, CONJUNTO"
"3239","282","CONJUNTO VESTIDO, CHAMARRA"
"3240","282","PANTALON, VESTIDO, CONJUNTO"
"3241","282","VESTIDO, GUAYABERA"
"3242","283","PANTALON, CONJUNTO"
"3243","283","CONJUNTO, CONJUNTO, CONJUNTO GUAYABERA"
"3244","283","CONJUNTO, SUDADERA, VESTIDO"
"3245","284","VESTIDO, GUAYABERA, VESTIDO"
"3246","284","CONJUNTO VESTIDO, CONJUNTO"
"3247","284","CONJUNTO GUAYABERA, PANTALON"
"3248","285","CONJUNTO VESTIDO, CONJUNTO, CHAMARRA"
"3249","285","VESTIDO, CONJUNTO, CONJUNTO VESTIDO"
"3250","285","CONJUNTO GUAYABERA, VESTIDO"
"3251","285","GUAYABERA, CONJUNTO, VESTIDO"
"3252","286","CONJUNTO, CONJUNTO GUAYABERA"
"3253","286","PLAYERA, CHAMARRA"
"3254","286","CONJUNTO, CHAMARRA, CONJUNTO"
"3255","287","CAMISA, CONJUNTO, PLAYERA, CONJUNTO"
"3256","287","CONJUNTO, CONJUNTO VESTIDO, PANTALON"
"3257","287","GUAYABERA LARGA, CONJUNTO, GUAYABERA"
"3258","288","CHAMARRA, SACO"
"3259","288","CONJUNTO, SHORT, CAMISA, CONJUNTO"
"3260","288","CONJUNTO, CONJUNTO, CAMISA, CONJUNTO"
"3261","288","CONJUNTO, CHAMARRA, SHORT"
"3262","289","CONJUNTO, CONJUNTO, CAMISA"
"3263","289","CONJUNTO, CAMISA, CONJUNTO"
"3264","289","CHAMARRA, CONJUNTO, CAMISA"
"3265","290","CONJUNTO, CAMISA, CONJUNTO"
"3266","290","PLAYERA, CONJUNTO"
"3267","290","CONJUNTO, GUAYABERA, SHORT"
"3268","290","CAMISA, CONJUNTO"
"3269","291","SACO, SUDADERA, CONJUNTO GUAYABERA"
"3270","291","CONJUNTO, CONJUNTO, CONJUNTO GUAYABERA"
"3271","291","CONJUNTO, CONJUNTO"
"3272","291","CONJUNTO, CHAMARRA"
"3273","292","GUAYABERA, CONJUNTO VESTIDO"
"3274","292","CHAMARRA, CONJUNTO"
"3275","292","CONJUNTO, CONJUNTO, GUAYABERA"
"3276","293","CHAMARRA, CONJUNTO"
"3277","293","VESTIDO, VESTIDO"
"3278","293","CONJUNTO, CONJUNTO"
"3279","294","CHAMARRA, SUDADERA"
"3280","294","CONJUNTO, VESTIDO"
"3281","294","CHAMARRA, CAMISA, CONJUNTO"
"3282","295","PLAYERA, PANTALON, CONJUNTO"
"3283","295","VESTIDO, PLAYERA, CONJUNTO GUAYABERA"
"3284","295","CHAMARRA, CONJUNTO"
"3285","295","CONJUNTO, CONJUNTO"
"3286","296","CAMISA, CONJUNTO, CONJUNTO"
"3287","296","CAMISA, CAMISA, CONJUNTO, CONJUNTO"
"3288","296","CONJUNTO CAMISA, CONJUNTO, CHAMARRA"
"3289","296","CHAMARRA, CONJUNTO, PLAYERA"
"3290","297","GUAYABERA, CONJUNTO, SACO"
"3291","297","CONJUNTO, CONJUNTO, CAMISA, SACO"
"3292","297","CONJUNTO, GUAYABERA LARGA"
"3293","297","CHAMARRA, CONJUNTO"
"3294","298","CONJUNTO, VESTIDO"
"3295","298","SUDADERA, CONJUNTO VESTIDO, VESTIDO"
"3296","298","VESTIDO, CONJUNTO VESTIDO, VESTIDO"
"3297","298","CONJUNTO, VESTIDO"
"3298","299","SUDADERA, SACO, SUDADERA"
"3299","299","CONJUNTO, CONJUNTO"
"3300","299","SACO, CAMISA, CONJUNTO, SHORT"
"3301","299","CAMISA, GUAYABERA LARGA, CONJUNTO, GUAYABERA"
"3302","300","CONJUNTO, CONJUNTO GUAYABERA, CONJUNTO"
"3303","300","CONJUNTO, SUDADERA, PANTALON"
"3304","300","CONJUNTO VESTIDO, VESTIDO"
"3305","300","CONJUNTO VESTIDO, CONJUNTO"
"3306","301","PLAYERA, CONJUNTO"
"3307","301","CHAMARRA, SUDADERA"
"3308","301","SUDADERA, CONJUNTO"
"3309","302","CONJUNTO, CONJUNTO, CONJUNTO GUAYABERA"
"3310","302","SUDADERA, GUAYABERA, CONJUNTO"
"3311","302","CONJUNTO VESTIDO, PANTALON, CONJUNTO"
"3312","303","VESTIDO, PANTALON, CONJUNTO"
"3313","303","CONJUNTO VESTIDO, VESTIDO"
"3314","303","CONJUNTO, CONJUNTO VESTIDO, CONJUNTO"
"3315","304","SACO, CAMISA, CONJUNTO"
"3316","304","CONJUNTO, CONJUNTO VESTIDO, CHAMARRA"
"3317","304","CONJUNTO, VESTIDO, CHAMARRA, CAMISA"
"3318","305","CONJUNTO, VESTIDO"
"3319","305","CONJUNTO, CAMISA, CONJUNTO"
"3320","305","CAMISA, CONJUNTO, CHAMARRA"
"3321","305","CONJUNTO, CONJUNTO VESTIDO, CAMISA"
"3322","306","CAMISA, CONJUNTO GUAYABERA, CONJUNTO"
"3323","306","CAMISA, CONJUNTO, CAMISA"
"3324","306","CONJUNTO, CAMISA, PLAYERA"
"3325","306","CAMISA, CONJUNTO, PLAYERA"
"3326","307","CAMISA, CONJUNTO, CHAMARRA"
"3327","307","CAMISA, CAMISA"
"3328","307","PLAYERA, CONJUNTO, CONJUNTO"
"3329","307","CONJUNTO, PLAYERA"
"3330","308","SACO, PLAYERA"
"3331","308","SACO, CHAMARRA, CONJUNTO"
"3332","308","CAMISA, SHORT, PLAYERA, CONJUNTO"
"3333","308","CONJUNTO, SHORT, SUDADERA"
"3334","309","CONJUNTO VESTIDO, CONJUNTO"
"3335","309","CAMISA, CONJUNTO VESTIDO, CONJUNTO, CONJUNTO"
"3336","309","CONJUNTO, CONJUNTO, CAMISA"
"3337","309","CAMISA, CONJUNTO, SUDADERA"
"3338","310","GUAYABERA LARGA, PLAYERA, CONJUNTO"
"3339","310","CAMISA, CONJUNTO, PLAYERA, CONJUNTO"
"3340","310","CONJUNTO GUAYABERA, PLAYERA"
"3341","311","PLAYERA, PLAYERA"
"3342","311","PANTALON, CAMISA, VESTIDO, CONJUNTO"
"3343","311","SUDADERA, PLAYERA"
"3344","312","CONJUNTO VESTIDO, CHAMARRA, CONJUNTO"
"3345","312","CHAMARRA, CONJUNTO GUAYABERA, CONJUNTO VESTIDO"
"3346","312","CONJUNTO, CONJUNTO, CONJUNTO VESTIDO"
"3347","312","CONJUNTO, PANTALON"
"3348","313","VESTIDO, CONJUNTO VESTIDO"
"3349","313","VESTIDO, CHAMARRA"
"3350","313","VESTIDO, PANTALON, VESTIDO"
"3351","314","CHAMARRA, CONJUNTO"
"3352","314","CONJUNTO GUAYABERA, CONJUNTO, CONJUNTO"
"3353","314","CONJUNTO VESTIDO, CONJUNTO"
